customer_id,churn_prediction,churn_probability
767114958,0,3.3480533e-06
708123033,0,0.00018412205
715424283,0,0.00010719939
717865008,0,4.143934e-06
710188308,0,9.974885e-05
716574033,0,3.05742e-06
713183508,0,8.779146e-06
718583133,0,7.5418466e-05
783554958,0,5.8207443e-05
714418158,0,2.1441629e-06
710061783,1,0.9996408
716225433,0,4.80915e-05
788327358,0,1.1239792e-05
714847983,0,4.7743642e-06
720031908,0,1.5785346e-05
713700258,0,8.446247e-06
721265883,0,0.0006226253
715321008,1,0.9999101
717831783,0,3.198736e-05
711480108,0,4.4840588e-05
797638383,0,6.557625e-06
709950858,0,1.5316682e-06
717060858,1,0.99997354
716045508,0,0.0002650455
787482033,1,0.99451524
719601708,0,5.263642e-06
717683583,0,9.874085e-06
813905508,0,3.4817484e-05
769985883,1,0.17974815
718927533,0,3.526096e-05
784868958,0,3.910995e-05
787539333,0,1.1667807e-05
789871233,0,1.0281735e-05
826061508,0,2.021715e-05
716354883,1,0.99978346
717678408,0,1.3358277e-05
715341858,0,1.8659948e-05
713003358,1,0.99992085
713374533,0,2.1955666e-05
709985133,0,0.00060769555
771204108,0,5.5808505e-06
713758758,0,3.503939e-05
709453833,0,1.3292576e-05
713227233,0,8.418399e-06
714967233,1,0.8904987
714358008,0,0.00016934099
779514558,0,0.00019410004
794498733,0,1.35618575e-05
793015083,0,6.161649e-06
789212883,1,0.9999831
718677858,0,2.9273911e-05
713675658,0,3.7676742e-05
719523108,0,5.1627394e-05
708390633,0,7.4096446e-05
715098333,0,9.312474e-06
712060158,0,4.187814e-06
716831508,0,0.00026229158
778172583,0,3.592373e-05
789430083,0,6.540512e-06
709996833,1,0.99592555
708890133,0,4.593381e-05
773332908,0,3.0402362e-06
715870758,0,2.6866901e-05
789363408,0,1.633076e-05
779118708,0,7.4750506e-06
710544033,0,3.0125982e-06
717500133,0,8.716114e-05
712046808,1,0.94410115
815484783,0,1.4103731e-06
713843283,0,2.5773734e-06
717260058,0,0.00025415252
773383158,0,1.920351e-05
711041508,0,6.9239264e-05
816843933,0,8.473024e-06
715043508,0,1.2457126e-05
717241233,0,2.030989e-05
717521508,0,4.7257085e-06
708331758,0,9.101929e-05
715571583,0,7.945771e-06
711146358,0,6.0607985e-05
789594108,0,5.4896598e-05
779327733,0,2.7850145e-05
711391308,0,1.4815524e-06
718994583,0,0.00016951578
718212633,0,1.2952017e-06
711861258,0,0.00016127124
718123608,0,5.6766394e-06
718958583,1,0.9748335
772207683,0,4.4937162e-05
719629308,1,0.97317356
708303108,0,0.00014312497
788957358,0,9.2277105e-06
708727983,0,0.0001607868
714217908,0,0.0012161006
708928908,0,0.00014019094
712411908,0,1.530779e-05
771075258,0,0.00012235448
717866133,0,7.2275475e-06
713652783,0,0.0003638061
714076683,1,0.9999901
803963808,0,0.00015501208
778968408,0,1.5047692e-05
720064158,0,6.1527944e-06
778921908,0,4.6081186e-06
770878458,0,1.3325641e-05
786087633,0,8.6962056e-05
788752833,0,8.085923e-05
766006758,0,4.305591e-05
710342508,0,9.083471e-06
711422358,0,1.6668977e-05
778574283,0,1.202801e-05
709987683,1,0.99999917
821168733,0,3.604901e-06
717765183,0,7.5711887e-06
708723858,0,1.9667374e-05
720618033,0,2.3965114e-05
718899708,0,3.758677e-05
716437533,0,0.00034366478
717491058,0,7.889127e-05
711029358,0,0.00044606035
716768808,0,1.732429e-05
801056358,0,7.5941334e-06
779210283,0,2.9018138e-06
718441308,0,2.081983e-06
713241033,0,0.000112587935
711064008,0,5.4544267e-05
772137183,1,0.9993673
788739633,1,0.99924576
708953883,1,0.9996644
716549058,0,4.440562e-06
824789283,0,1.2224473e-05
788252358,0,1.3196255e-06
819752133,0,3.3616702e-06
716944983,0,0.00014938274
716545383,0,2.037511e-05
720836808,0,3.7557386e-06
783361533,0,3.5802602e-06
710893533,0,0.00043686607
709793133,0,0.0005043422
716609433,1,0.9968766
715222533,1,0.9984187
713597658,1,0.99385756
720837708,0,2.3305327e-05
786546783,0,0.005791144
778747608,0,2.5291467e-05
801385458,0,1.2268432e-05
720844008,0,4.4231574e-06
754443033,1,0.9998703
799486158,0,2.6975522e-06
798140283,0,0.00016929611
772036233,0,6.262833e-05
711427458,0,0.0040831165
712727283,0,2.2249536e-05
710754933,1,0.99994445
709938708,0,2.6117839e-06
710831133,0,0.00054470677
715570533,1,0.9998258
794576058,0,7.915836e-06
786557358,0,5.200416e-05
708212658,0,4.849608e-05
818993508,0,1.3161942e-06
718466883,0,2.8088543e-06
717085983,0,6.4902095e-05
709986633,0,1.4061831e-05
779348358,1,0.9998807
752944533,0,0.0011089097
712340733,0,5.120264e-05
814459833,0,0.00037198374
718373658,0,5.4691045e-06
771359958,0,3.4699184e-05
779198133,0,9.955039e-06
788618208,0,2.9745188e-05
712288158,0,8.170852e-05
711838008,1,0.998979
710202783,0,4.072443e-06
771976683,0,0.0016508233
716176683,0,2.9830468e-05
711278283,0,0.00020052046
715019883,0,0.00013028042
720292983,0,1.302206e-05
716498883,0,1.1898191e-05
713798958,0,9.569502e-05
716939358,0,4.441954e-05
709005633,1,0.9996921
795573333,0,9.123504e-07
771069033,0,2.4017647e-06
801709308,0,1.8772058e-06
716345283,0,3.4015637e-05
714835833,0,1.5162485e-05
779783508,0,5.222595e-06
825767658,0,4.160125e-06
717575958,1,0.99954957
720753183,0,2.1334308e-05
711766758,0,2.536139e-05
711397533,0,2.1860044e-06
767058183,0,1.9681222e-05
788864508,0,2.177837e-05
778377183,0,3.560776e-05
710844408,0,6.6734974e-05
714919308,1,0.9999503
708874533,1,0.9999927
778356408,0,4.2415486e-06
769035933,0,2.2424906e-06
771228183,0,3.8245595e-05
772539558,0,0.000103996026
714045783,1,0.99998736
809797158,0,5.5126377e-05
719531133,0,0.0006053775
719192808,0,6.748457e-06
720662508,0,3.8026225e-05
820848408,0,8.9842325e-07
712412958,0,0.0001699189
778984383,0,2.5663803e-06
712865583,0,2.4589835e-06
819997983,0,2.418038e-05
718301508,0,2.3481367e-05
789197508,0,4.6621593e-05
809459733,0,1.8153936e-05
813901458,0,2.154901e-05
772360683,0,5.0826442e-05
779725833,0,1.0892985e-05
712996833,0,6.0257958e-06
779681433,1,0.7550705
787591008,0,1.0783668e-06
712642533,0,3.8219437e-06
721051908,0,5.6560842e-05
715503558,0,2.0345966e-05
709841433,0,6.4332606e-05
710424408,0,0.0017733629
709592808,0,1.6428388e-06
788038383,0,0.00022241466
714363858,0,1.22607125e-05
815015283,0,0.00035800773
771336783,0,1.6914832e-05
738899658,1,0.99985075
796170933,0,0.0028192368
720992883,0,3.459187e-05
712238958,0,2.6017207e-05
718530258,0,9.0782574e-05
711794358,1,0.9985286
716366208,0,7.892965e-06
770038983,1,0.99930906
709937583,0,1.5168512e-06
787623858,0,3.5364817e-05
711676008,0,0.00015344984
812218908,1,0.9999229
720281508,0,3.4880309e-06
721139808,0,4.0674287e-05
709990983,0,4.0931798e-05
718244958,0,7.939974e-05
756639708,0,1.885491e-05
718645308,0,3.356378e-06
717389433,0,0.00023596881
779310033,1,0.9999956
717192933,0,2.4449497e-05
718379358,0,3.8899834e-06
779661033,0,3.7401726e-06
715880283,0,2.424085e-05
719469333,0,2.348392e-05
708974283,0,3.3845565e-05
789859833,0,0.00020374416
772339383,0,0.00015075
716319258,0,2.2878082e-06
720330558,1,0.9999025
789827208,0,3.5467285e-05
751450008,0,0.00018215702
789791808,0,8.490536e-06
717321783,0,2.356102e-05
712549758,0,0.00019997571
712470033,0,0.00014152845
719291283,0,6.1609085e-06
720413658,0,2.9487223e-06
709230708,0,0.0013194494
708384033,1,0.9799697
715029333,0,6.7717476e-05
771040758,0,0.0005977722
711635358,0,3.2341634e-06
716604633,0,7.27663e-05
716438433,0,4.6160353e-06
711216933,0,4.332017e-06
713916708,0,2.1560829e-05
710106933,0,0.00013724284
806189658,0,7.434155e-07
770632758,0,0.00051951973
789238683,0,0.0014878439
711873033,1,0.9990682
720384633,0,7.922028e-06
712181658,0,7.5144617e-06
714957108,0,1.1905876e-05
720247158,0,0.00023515195
772313358,0,5.177848e-06
803652633,0,0.00028206554
771422883,1,0.9999336
718009158,0,1.0828879e-06
712612233,0,1.7729484e-05
709901058,0,3.5909632e-06
716682258,0,2.451479e-06
711478233,0,0.0017032996
720040158,0,4.6108704e-05
720212508,0,2.6869899e-05
787605558,0,4.2701786e-06
780557658,0,0.00036148218
709952658,0,2.6259717e-05
793379058,0,1.1876165e-05
716971833,0,5.325313e-05
720997383,1,0.99887294
827111283,0,0.00023598502
769396158,1,0.9999424
820085808,0,0.0020798142
780349833,0,1.9805375e-05
715964058,0,9.24666e-06
771903033,0,2.3865972e-05
802668333,1,0.9997749
718504983,0,0.00058104156
714882258,0,3.6919407e-06
714211533,0,0.0013836503
720198183,0,7.771117e-05
803587533,0,4.3394843e-06
720050208,0,3.4457014e-05
771058908,0,0.00013922087
708971583,0,2.9100085e-05
788812608,0,0.00015035708
805282908,0,3.4940404e-06
717403158,0,0.00031064308
718418958,1,0.9999794
721374033,0,2.4420078e-06
710849208,0,7.4588224e-06
771823308,0,2.7836044e-05
719019483,0,0.00017711798
769927533,0,5.051883e-06
718951683,0,1.2383995e-05
709666908,0,1.7139875e-05
719857008,0,1.2786925e-05
788709408,0,1.3026407e-05
710641008,0,0.00024493824
815812683,0,0.00010325954
717624708,1,0.99999297
789398733,0,7.3425286e-07
716136333,1,0.99920815
715162608,1,0.9999684
710822808,0,0.00086954713
714147858,0,6.724187e-05
767333808,0,6.787774e-05
719654283,0,2.3516566e-06
766273533,0,4.0031686e-05
779601783,0,2.923435e-05
711370458,0,0.00013007225
715519983,0,2.8038924e-06
788782008,0,0.00010251889
787595658,0,4.165422e-05
758211483,0,1.0347839e-05
710637183,0,9.421472e-06
712144158,1,0.9996928
715378383,0,8.465997e-06
771061008,1,0.99758315
719583558,0,1.3351273e-05
810986883,0,9.189107e-06
788797983,0,0.00023095397
815104608,0,0.00034037983
715369008,0,7.757166e-06
713418558,0,0.00027625402
708332808,0,3.0770432e-05
719729433,0,5.9123802e-05
789022233,0,1.7999871e-05
714234858,0,7.8314275e-05
709170108,1,0.9999975
779727558,0,0.0039019422
708245808,0,2.4746565e-05
778255083,0,1.7064865e-05
718755483,0,9.674916e-06
712627083,1,0.410539
788990508,0,2.1769816e-05
804437658,0,8.861553e-05
778430733,0,0.0002698373
808747233,1,0.9999101
710555433,1,0.93663836
708826158,0,5.343835e-06
717023508,0,2.6724567e-05
719694408,1,0.9419568
710014683,0,2.117295e-05
815596608,0,3.4803884e-06
712721358,1,0.999453
716870583,0,3.3279888e-05
780076833,0,6.9176945e-06
793616883,0,1.8177392e-05
789105183,0,4.2389183e-05
817970208,0,9.53934e-06
779844408,1,0.99999356
719206308,0,1.684447e-05
721269108,0,1.7395147e-05
772139433,0,1.0554656e-05
717042333,1,0.99997365
710273658,0,2.3263849e-05
716626008,0,1.1367315e-05
716230158,0,1.2801305e-06
713010483,0,2.3452096e-05
711220683,0,6.040462e-06
721398858,0,2.0030842e-05
779400183,0,0.00018971217
789964983,1,0.9995689
715102308,0,2.2037624e-05
712730583,0,9.053307e-05
718870158,0,3.5875837e-05
719484408,0,8.9939516e-05
720244983,0,3.2157448e-05
781306758,1,0.9993767
779412783,0,0.00021009431
721217283,0,5.0083414e-05
815062383,0,1.8168952e-05
714155283,0,2.8828183e-05
716981358,0,1.086228e-05
824915208,0,1.0840828e-05
708498033,1,0.9998654
716860233,0,3.4411041e-06
709839858,0,2.4179578e-06
713144208,1,0.99998045
708573933,0,4.0184236e-06
712579983,0,1.968094e-06
790099758,0,4.8501723e-05
711305208,0,2.112104e-05
720062508,1,0.9992194
708205083,0,6.575005e-05
772336458,1,0.99888355
710986758,0,8.1191865e-06
789271533,0,2.748474e-05
711360783,0,5.2168572e-05
714035283,1,0.99996233
720415833,0,6.459954e-05
778873608,0,2.7386009e-06
718661958,0,0.00030485415
719026383,0,6.990082e-05
710229333,0,7.425982e-06
720437358,0,0.002269472
811467708,0,1.7919954e-05
778933983,0,4.9414353e-05
719413383,0,7.114243e-05
718252533,1,0.98735017
718188858,0,1.746356e-05
711382458,1,0.99959654
721212258,0,2.1243548e-06
717600483,0,6.9706584e-05
761544333,0,7.388625e-05
809425533,0,1.1416344e-05
709678608,0,1.1284008e-05
713151258,0,2.7931452e-05
715345833,0,0.00011882241
720776508,0,6.54086e-05
720689583,0,1.6005479e-05
801728658,0,5.7961952e-05
718979733,0,0.00015950274
721163133,0,0.000118053315
710595783,0,3.14331e-05
714781908,0,2.3157578e-05
709618308,0,3.1491045e-06
713971608,0,3.7870077e-06
718020408,0,7.179247e-06
716513358,0,8.5533735e-05
710401458,0,0.0010222386
712177908,0,4.7132686e-05
719216508,0,3.3318277e-06
711017433,0,0.00023049618
788386908,0,4.6655794e-05
710819733,1,0.9988845
711978858,0,2.722339e-06
807136758,1,0.9998871
716138958,0,7.3126146e-05
713070033,0,8.341409e-06
827055333,0,0.0015164937
827408058,0,4.8880925e-06
793608258,1,0.99995995
717013383,0,1.1839638e-05
714320358,0,0.0010813541
716948283,0,9.5498755e-05
717657333,0,0.00040050893
788687133,0,0.00043785543
710736558,0,2.8244904e-05
708721533,0,0.00051841093
817108083,1,0.9998135
719737833,0,0.00012849063
813967983,0,1.6413463e-06
771464808,0,1.9747136e-05
713025558,1,0.9972805
779016408,0,2.7202419e-05
712096758,0,2.8762158e-06
789523683,0,1.4886274e-05
713177808,0,3.0751733e-06
718777008,0,0.00070575427
711004533,0,1.3290245e-05
720046458,0,6.0357663e-05
710453283,0,0.005304682
708736608,1,0.99807763
778908783,0,1.258734e-05
716056158,1,0.9999851
773257233,0,7.0192978e-06
711371208,0,5.523902e-06
711831558,0,1.0738425e-05
712164333,1,0.999258
780126033,1,0.9998416
821889858,1,0.99973756
779656908,0,8.998493e-06
766821033,1,0.94583035
789196158,0,0.00031573116
714228558,0,6.3540065e-05
827360883,0,4.463823e-05
712815858,0,0.00027592946
714533058,0,6.05699e-07
790149483,0,4.2351527e-05
771584658,0,2.2230086e-05
814181433,0,3.747657e-05
788761608,0,1.8020171e-05
709009833,0,0.00013224296
708244458,0,7.766917e-05
797998158,0,2.2764192e-05
808279158,0,8.0784164e-05
804601833,0,3.2938446e-05
789690483,0,0.00026588148
819109308,0,0.00011142059
739317558,0,6.345888e-06
721305408,0,8.24974e-05
716535408,0,3.006786e-06
719391783,0,1.3173887e-05
780602733,0,3.9298584e-06
789556533,0,2.2850234e-05
713422083,1,0.9984383
721506708,0,4.345388e-05
715774833,0,7.862421e-05
714962658,1,0.99999356
783561558,0,1.836493e-05
826709658,1,0.9999852
790017858,0,1.3772901e-05
712319958,0,0.0002905509
717483558,0,6.0447373e-06
713985183,0,4.7629568e-05
708404883,0,0.0016471486
717208833,1,0.9936479
816091608,0,1.488438e-06
709087983,0,0.00020318486
710763783,0,2.6991376e-05
719018208,1,0.9974152
713976258,0,6.291042e-06
709554483,0,1.2017279e-05
794485158,0,8.58464e-06
718795083,0,4.8546763e-06
826451433,0,1.0722042e-05
826717533,0,2.6353622e-05
715294083,1,0.98389935
779187783,0,1.5757207e-05
719513733,0,6.540144e-06
709816158,0,0.00047096782
711720408,0,2.0208998e-05
714960408,1,0.99998534
770746908,0,2.7187583e-05
716101308,0,2.614824e-05
809825358,0,7.903239e-06
719826333,0,9.133975e-06
710207208,0,6.322715e-05
720128658,1,0.9990798
780727833,0,0.0005195457
802247658,1,0.987311
717787533,0,0.0007787454
721115733,0,1.4251241e-05
709446783,0,0.0010628919
784719708,0,8.578876e-05
718570158,0,0.0007833466
709965858,0,1.3147443e-05
757594083,0,2.0228606e-05
789599283,0,7.4991917e-06
718947558,0,4.722924e-06
721147383,0,8.3765235e-06
720683958,0,9.313829e-05
780657708,0,8.032457e-05
713935533,0,3.2071537e-06
713948808,0,1.8263247e-05
715406658,1,0.99930155
772640808,0,0.00018504357
708496833,1,0.9664532
804847308,0,4.041514e-06
716931183,0,5.1622004e-07
714030183,0,0.00025931423
809296308,0,8.971809e-05
708358683,0,1.5250468e-05
794664183,0,1.2046114e-05
712475733,0,0.0011589216
708770883,0,0.00016447502
821339433,0,7.9670394e-07
709206333,1,0.99027807
806914158,1,0.99999595
709607733,0,4.485769e-06
712843983,1,0.9079521
780511683,1,0.9873006
709161108,1,0.9795292
708272808,0,3.3539745e-05
708680583,0,1.6601127e-05
708712833,0,4.765483e-05
711947358,0,9.469213e-06
719634408,0,1.101147e-05
718267233,0,0.00036510936
715479483,0,9.886524e-05
711164508,0,6.880632e-06
719294433,0,6.250073e-06
714412308,1,0.9996536
716434533,1,0.9999658
719061933,0,0.00013565822
719091333,0,0.0001488693
716573058,1,0.9999596
740784258,0,1.2558962e-06
711863433,0,0.00021195062
780529908,0,1.9674297e-05
715132758,0,6.0689285e-06
713934633,1,0.9921936
827423433,0,7.751142e-05
708385533,1,0.9982167
789407958,0,5.4063466e-06
712589658,0,1.5615004e-05
714759708,0,3.0674364e-05
826068183,0,2.7758637e-05
709913733,0,0.0011519103
789744033,0,8.332137e-05
710926383,0,1.08365275e-05
714052158,1,0.99962056
714900408,0,0.00555932
787532808,0,1.8681137e-06
802449933,0,1.752778e-05
755996583,1,0.9999821
709625733,0,7.978734e-06
719686458,0,0.0028415527
708642708,1,0.9999968
790082508,0,4.4604145e-05
713205108,0,2.2225836e-06
710838108,0,0.00074311986
714427608,0,1.1983904e-06
711655683,0,9.730054e-06
826168083,0,1.3513663e-05
708553008,0,0.004173739
719554758,0,3.9007406e-05
820383558,0,3.7851264e-06
817293258,0,5.2373696e-05
709275558,0,0.0001499453
816078708,0,2.2722807e-06
719490108,0,0.00011056941
710410158,1,0.74719495
813961233,0,3.84164e-06
714259533,0,2.4209407e-05
713550483,0,6.302993e-05
719073483,1,0.9961838
710428308,0,1.7425878e-06
779340183,0,0.00012014484
788820933,0,5.826372e-07
798022683,1,0.99975926
717273333,0,3.716299e-05
713952558,1,0.9136885
712545183,0,0.004220565
789611283,0,2.188595e-05
713339283,0,5.4611455e-06
721032633,1,0.99987125
719953383,0,2.4897352e-05
712814658,0,6.161837e-06
711764733,0,0.00026461098
715915458,0,3.6119623e-06
720712533,0,9.603766e-06
709984083,0,2.673078e-06
719268333,0,1.6818274e-05
790048158,0,0.0005961035
717856983,0,7.597465e-05
715545933,0,1.1349422e-06
709861008,0,2.5100973e-05
712863183,0,5.122823e-05
712423233,0,3.2758305e-06
711648708,0,7.0292053e-06
714864333,1,0.9993119
788830683,0,4.271577e-05
719358333,0,0.00077878963
789541458,0,7.865051e-06
711589758,0,1.7666887e-06
711574008,0,6.213546e-05
779548008,0,8.257429e-05
801037833,0,2.8915794e-05
720924633,0,0.0006078416
718596858,0,0.0005753266
737967708,0,1.4724179e-06
798110358,0,0.0042923694
789582483,0,1.5234505e-06
710529708,0,0.00087771704
789526458,0,5.1762076e-05
711039633,0,0.00047227804
828294933,1,0.9992318
720422358,0,2.73055e-05
720252858,0,0.0009756865
788966958,0,7.536778e-05
714435408,0,2.311634e-05
713453733,0,8.102433e-06
711208083,0,4.5087313e-06
721220583,0,4.7464264e-06
720205608,0,2.8183285e-05
789983133,0,0.00013174102
787581858,0,1.3797405e-05
708705783,1,0.97968674
717234183,0,0.0003796373
808705758,0,2.1097514e-06
711183558,0,0.0010273253
812979408,1,0.9998128
715354008,0,5.5792323e-05
721062408,0,0.0075575025
712410858,0,7.1052905e-06
779116158,0,0.0004261967
712866933,0,3.5905523e-06
710411358,1,0.99898356
771881283,0,1.3971737e-05
715363908,0,0.001641668
789560433,1,0.99946994
709752183,0,4.4613673e-05
807161508,0,0.0001538909
708393633,0,0.00012498377
771886233,0,2.1568724e-06
716930133,0,0.00021331302
809937933,0,3.5387918e-06
816596583,0,0.00020209244
718803333,0,6.42025e-05
795237183,0,1.2941896e-05
720419358,0,3.29159e-05
719514783,0,1.655891e-05
780374133,0,3.3481552e-05
810868758,0,7.204061e-06
714286383,0,4.9511195e-06
708588408,0,5.9514794e-05
813338733,0,8.2717e-07
788826408,0,7.949505e-05
713134458,0,0.00013741857
716350008,0,1.2367781e-06
738062658,0,9.872268e-06
709449333,0,4.995695e-07
718665933,0,3.9936323e-05
748503708,0,3.3019463e-05
807141183,0,0.000104023995
766381908,0,2.5546371e-06
822112383,0,1.3758775e-05
709061658,0,2.9916077e-05
797166633,0,1.5050816e-06
789435783,0,2.7277858e-05
708266883,1,0.9996164
716793108,0,2.82428e-05
712253058,0,4.919172e-06
716430933,0,3.72953e-06
715746633,0,0.00025248987
714842208,0,1.0863928e-05
713879283,0,0.000120690485
778679883,0,6.608333e-05
712110333,1,0.99993277
720724008,0,1.8644936e-05
708387933,0,0.00017837688
712165308,0,2.6162413e-06
720283758,1,0.9943467
708473133,0,0.00023283507
810493458,0,4.6095425e-05
711122958,1,0.99981016
721502958,0,0.0007140596
715908558,0,0.00014767615
711594858,0,1.1106844e-05
789513858,1,0.9999573
712795833,1,0.9916129
719628033,0,4.2743843e-05
718282983,0,8.772592e-06
714121983,0,1.2331693e-05
709791333,0,1.5957348e-05
779916408,0,7.562631e-05
711657783,0,2.3470197e-05
780203883,0,6.4600304e-06
709367433,0,5.182534e-05
736145283,0,1.4196007e-05
711516783,0,0.00032826897
712104333,0,4.57311e-05
711116133,1,0.99997175
712988958,0,1.8961658e-05
771201408,0,6.039661e-06
712011633,0,2.6566404e-06
713579733,0,7.791575e-06
796544133,0,0.0001472428
709272333,0,2.7698323e-05
715153158,0,6.1841192e-06
779342958,0,3.7935275e-05
810545733,0,4.1358917e-06
805453908,0,1.1665163e-06
817086783,0,0.00012660357
714943233,0,1.267692e-05
789097833,0,4.4829045e-05
759584958,1,0.9993356
708886533,0,5.691779e-07
708761733,0,0.0017864752
711600033,0,0.0001288102
769935783,0,6.0684666e-05
717446208,0,1.3040178e-05
721121283,0,5.8821465e-06
819151083,0,1.1655517e-05
716470683,0,1.3481123e-05
779643858,0,0.0010789355
787665258,1,0.9999746
787475433,0,8.7289314e-05
717448383,1,0.9994862
710812533,1,0.9998474
716461683,0,8.021512e-06
814571058,0,4.746932e-05
712071708,0,0.0005113892
720769533,0,0.00050086906
794581533,0,6.7310384e-06
715732533,1,0.95915
708286683,0,8.924968e-06
708543258,0,3.0947445e-05
713809833,0,1.0688235e-06
793636308,0,5.620225e-06
789095958,1,0.99923074
757722708,0,5.79865e-05
738627708,1,0.9994673
820353558,0,0.00013288332
718739508,0,0.0011719726
788943333,1,0.9048058
708397008,0,1.7755292e-06
711392508,0,8.572252e-05
780653208,0,3.335974e-05
710251608,0,0.001037051
719354433,0,7.271449e-06
710676483,0,0.00015083051
826414083,0,4.8220034e-05
720673008,0,5.3069158e-05
716736858,0,4.6942705e-06
715660308,1,0.9998344
785387883,0,4.1665582e-05
721028283,0,1.3999359e-05
717797658,0,5.0601364e-05
712390683,0,0.0038714556
717965808,0,3.9029917e-05
721514883,0,1.5020336e-05
718477983,0,0.0002028173
719671383,0,0.000110999266
711191808,0,8.940209e-05
708637758,0,4.407682e-05
794675058,1,0.99995434
720508233,1,0.23681639
713094483,0,0.00095964357
780064983,0,4.0829775e-05
710155158,1,0.99977857
710904708,0,7.316091e-06
801715383,1,0.99999213
806889633,0,9.67729e-05
794831733,0,3.4241802e-05
712019883,0,4.1406136e-05
770956158,0,1.3270045e-05
778386033,0,0.0073435633
708147108,0,4.9559007e-06
710310108,0,0.00014302987
771982083,0,2.6186844e-05
714754533,0,1.948416e-06
717626508,0,1.237887e-05
718328283,0,5.1376323e-05
716739258,0,4.0021194e-05
714277758,0,0.00025975713
720210483,0,1.022467e-05
720411183,0,3.1420786e-06
711379083,0,2.0907396e-06
798558783,0,5.3442096e-07
713363583,0,1.81295e-06
720339558,0,7.3767485e-05
715008858,0,4.9428827e-06
779037408,0,0.0007972164
721513833,0,9.366314e-06
714311583,0,5.9535403e-05
797414733,0,0.001833882
716864733,0,0.00014505479
712924383,1,0.99867296
719854008,0,0.0003522203
771630783,0,1.0938466e-05
771471708,0,1.0922372e-05
769463433,0,6.139463e-05
711377808,0,1.89715e-05
713133258,0,0.00012700561
718162908,0,0.0042496547
713257083,0,1.2055626e-06
772687983,0,9.138325e-07
711535158,1,0.99860746
799700208,0,5.5904284e-06
717177783,0,0.0002748548
711402333,0,3.006061e-05
714304458,0,0.000314975
713347608,1,0.9999373
718303683,1,0.9999492
714317058,0,4.240447e-05
718152333,1,0.99983084
716385033,0,5.292658e-05
720674133,0,0.0012914748
719153433,0,2.8060028e-06
712765158,0,0.00037477742
713229633,1,0.9999199
712256358,0,0.00023228848
717656433,0,1.0994702e-05
771081558,0,1.2988634e-05
710702733,0,9.0640875e-05
779612808,0,0.0004136665
713904708,0,1.6139606e-06
716546283,0,3.1609103e-05
711670308,0,9.709874e-05
710856558,0,5.003862e-06
713639958,0,0.0007021567
716987358,1,0.99991405
720008133,0,7.88645e-06
710084883,0,2.4410054e-05
816476658,1,0.9909232
778486008,0,3.9260507e-05
769053033,1,0.999866
716171358,0,2.206265e-05
772684833,0,2.4177198e-05
709485033,0,3.161755e-06
713352183,0,4.7227164e-05
712557708,0,6.331537e-06
821149008,1,0.9989041
711816108,1,0.9999479
712532058,0,0.000106212115
718811058,0,6.2946733e-06
713696808,1,0.9999881
753233733,0,3.3511707e-05
717030633,0,8.916341e-06
718320933,0,7.7849114e-07
714608583,1,0.99883014
715942683,0,1.5357666e-05
771356508,0,0.00010652492
711326583,0,0.0013053331
714621183,0,2.0403786e-06
712805658,0,4.735705e-05
808981608,0,1.327031e-06
718337733,0,3.107855e-05
715921758,0,5.6611134e-06
779803008,0,3.5655914e-06
717195933,1,0.99999845
712562433,1,0.9999547
769578108,0,1.9949632e-05
715442958,0,1.8330968e-05
708402333,0,6.614462e-05
719334408,0,0.00018166183
788246958,0,1.6502865e-05
780336258,0,0.000120741606
772706283,0,7.436945e-06
780684933,0,1.4237262e-06
712927383,1,0.9999924
712820208,0,1.5720747e-05
721434483,0,5.0639694e-05
720659283,0,8.19623e-05
716004258,0,2.2783781e-06
713111883,0,0.00014278064
772248408,0,0.00015090374
787492908,0,2.0481398e-06
718227033,0,6.2408035e-05
711320508,0,1.1740066e-05
718828083,0,8.5274905e-06
709823733,1,0.9676542
772116408,0,2.2893664e-06
717355533,0,6.233626e-06
715932708,0,1.1143266e-05
719679858,0,0.0008287351
772323033,0,1.1390516e-05
714168183,0,6.203375e-05
710719683,0,2.3512626e-05
719876808,0,3.4146127e-05
778894233,0,2.4361973e-06
712881483,0,0.0031038532
789481233,1,0.9982528
714767508,0,6.7225774e-05
789144633,0,0.0004418531
710635083,0,0.00029729278
711557508,0,2.3351101e-06
720650208,0,6.112619e-05
810856833,0,3.245255e-05
712828533,0,0.010810399
714503433,1,0.9999926
817245183,0,6.790846e-07
709106358,0,5.7566886e-05
720179883,0,9.295125e-05
816756783,0,1.715914e-05
812501358,0,9.8022165e-06
717203958,0,4.6821006e-06
719661558,0,7.240878e-05
716297658,0,0.0011001141
756065433,0,0.0011308009
717076458,0,0.00088435644
716586408,0,8.042383e-05
719776608,0,0.00068939704
710268858,0,3.2674867e-05
719400108,0,2.1393678e-05
715398858,0,0.0006157042
717359208,0,4.367076e-06
788595183,0,6.35357e-05
772082208,0,1.3112007e-05
720770883,0,7.840446e-05
716263533,0,1.7139705e-06
719848008,0,1.8192115e-05
717073308,0,0.00030618178
716277558,0,0.0008285176
712010358,1,0.9973465
709319658,1,0.9995309
794665608,0,0.0007626994
708997833,0,4.687466e-06
717135333,0,2.3625527e-05
795784008,1,0.9999291
711728208,0,7.1276663e-06
737925558,0,2.121131e-05
719147208,0,3.0855736e-05
715941633,0,0.00069441466
714078558,1,0.99974626
719453283,0,2.5190377e-06
794507133,1,0.9997956
710790258,0,4.5528453e-05
755953308,0,0.000111192814
712710708,0,0.000115430266
717843783,0,1.3574306e-05
710297133,0,7.170406e-06
716222808,0,3.6276901e-06
714069858,0,0.00038687375
787659483,0,9.0140515e-05
757167633,0,5.2811647e-06
717207408,0,5.6327022e-05
778224858,0,7.845146e-07
709103358,0,1.6268257e-05
816829608,0,0.0009194783
719838558,0,4.996652e-06
718161708,0,0.0036161367
717382608,0,1.8323435e-05
711762408,0,1.2700752e-06
811571733,0,9.386066e-05
779403558,0,4.251363e-05
718399233,0,0.00015009622
711343233,0,0.00010527967
779536233,0,9.053246e-06
718893333,0,9.211621e-06
716697708,1,0.9999733
708788583,1,0.9993297
713808633,0,6.804995e-05
721210158,0,0.00029083053
789666333,0,1.1779003e-05
710872233,1,0.40221867
780497958,0,9.497311e-05
798047583,0,0.0005781259
817089408,0,9.684952e-06
787472283,0,1.5020631e-06
801786483,0,0.00028485342
709040508,0,2.1257024e-06
709257708,0,8.578348e-06
753118533,0,1.222692e-05
812222208,0,5.534703e-05
714187533,0,0.0003463586
789180933,0,1.4727981e-05
718140783,0,8.808594e-05
713924283,1,0.9491417
713236458,0,6.304057e-05
816315558,0,0.00022145777
770135358,0,5.235646e-06
714284358,0,1.3906972e-05
712965183,0,1.6514705e-05
713668158,1,0.5152383
784819758,0,8.169688e-06
712025958,0,3.2220742e-06
713653983,0,9.454806e-07
712619808,0,2.1703338e-05
710086308,0,2.0753976e-06
711781233,0,0.00015591232
708254733,0,0.00061108137
788930358,0,0.00019586193
714361083,1,0.99899346
713253858,1,0.99991786
771020133,0,0.0005530864
719593608,1,0.99969435
714407058,0,4.5852757e-05
721282908,0,0.000118103635
771507258,0,6.6883615e-05
716285358,0,2.4387997e-05
711985833,0,0.02461832
717182883,0,8.4414805e-06
714618333,0,4.882451e-06
709443633,0,1.0313968e-06
778180158,0,2.8996345e-05
713755458,1,0.9999826
767269908,0,7.307316e-05
778231983,0,4.0030704e-06
769911858,0,1.912009e-05
711866358,0,5.3348276e-06
774437583,0,3.1183587e-05
711232608,1,0.9999039
721315233,0,4.2095567e-06
713401758,0,3.266126e-06
769438608,1,0.99998415
713172408,0,1.3183426e-05
778425408,0,2.2324499e-05
718611333,0,5.528424e-06
771400608,0,5.5852368e-05
719990358,0,5.6014305e-05
714250908,1,0.9999664
715992558,0,4.30746e-06
713181558,0,0.00025884513
793597833,0,2.7791395e-06
816013383,1,0.9999075
715518783,0,1.6341166e-05
779353083,0,0.00040922855
719881533,1,0.99837875
792864858,0,3.9179977e-05
808681158,0,0.0061625727
717390408,1,0.9995228
720551733,1,0.9999527
772273983,1,0.9999795
720648483,0,8.059526e-05
721486908,0,2.4752466e-05
716657058,0,2.379947e-05
713630733,0,0.0017690497
718586133,0,3.737891e-05
717482658,0,2.4392812e-05
718503108,0,0.00018033812
714148758,0,0.01526682
708902883,0,0.00012722258
771499233,0,2.7786493e-06
714113658,0,4.4200824e-05
713231658,0,3.9208982e-05
708319908,1,0.9999523
715629783,0,4.3531586e-06
820587258,0,7.542954e-05
771852483,0,5.3660646e-05
712578933,1,0.99391055
711263058,0,9.772078e-06
779405133,0,2.5059737e-05
716094333,0,5.8926516e-06
778837083,1,0.998403
712434708,1,0.9999888
771431133,0,8.172706e-05
709716258,0,4.7753206e-06
710464683,0,5.3659875e-05
787543008,0,2.1449448e-05
709363383,0,5.04079e-06
817988433,0,1.5590487e-06
717189183,0,7.765115e-06
710854008,0,0.00019075678
714531108,0,3.4937653e-05
778420383,0,2.0487945e-05
809068983,0,1.613141e-05
713131158,1,0.99877864
709649958,1,0.9998522
754886958,0,2.1136355e-05
713476758,0,3.1812729e-06
709473708,0,4.003375e-05
708190158,1,0.9288887
719813058,0,2.3458137e-05
708158133,1,0.99971014
815826708,0,2.7970344e-05
712682583,0,1.7359815e-05
714917583,0,7.069818e-06
711577458,0,2.286447e-05
717623583,0,4.120717e-05
708899283,0,0.00062719587
720249183,0,3.763293e-05
718653333,1,0.999997
721424583,0,8.013194e-06
708451233,0,0.00014763504
788122533,0,0.00054166274
708298233,1,0.9843774
711935283,1,0.99843234
769892058,0,1.8986739e-05
717954333,0,3.168984e-05
820108008,0,7.1691484e-06
712840608,0,3.7651418e-05
817240833,0,5.910717e-05
771051783,0,0.00021598874
779895108,0,5.4562788e-05
714811533,0,0.00014270564
714945708,1,0.9939308
712925808,1,0.9998
712302783,0,4.0322182e-05
710725383,0,1.1114886e-05
708710283,0,8.729671e-06
708382083,0,9.101999e-05
767404083,1,0.9999722
773297508,0,4.877185e-05
717478983,0,6.554297e-05
709679658,0,1.0791048e-05
721427358,1,0.99976057
718178583,0,1.3864648e-05
718489608,0,7.5631e-05
721349883,0,0.00090825383
787505133,1,0.9996675
711521958,0,4.341302e-06
708271833,0,0.0001276418
711242058,1,0.9996731
718524783,1,0.9993748
715050408,0,1.6036358e-05
757527033,0,0.00032070588
717580458,1,0.99706763
714938733,1,0.99996805
719170683,0,2.6830467e-05
715347783,0,0.0004422623
790108908,0,9.933266e-06
789218433,0,4.5331723e-05
789469083,0,9.7104945e-05
715797783,0,0.0005173053
713761608,0,6.874176e-05
771669183,0,5.7232355e-06
779521533,0,1.0647835e-06
715554708,0,0.00014473342
767687208,0,2.6907103e-06
708655983,0,6.015999e-05
720729108,0,3.5846697e-05
708722583,0,7.096053e-06
715371108,1,0.99835545
797238108,0,1.1198963e-05
718640508,0,0.0027973067
709487058,0,1.3595461e-05
712948383,0,0.00021107637
708469533,0,2.677375e-05
709104333,0,0.0019277233
755420433,0,1.0743855e-05
718996758,0,6.988723e-05
719445633,0,4.7143108e-06
709231683,0,0.00016233517
708846183,0,7.0062433e-06
826723308,0,2.462506e-06
710825658,0,8.245086e-06
796931508,1,0.99991477
808753758,0,3.678961e-06
789494133,0,7.994494e-05
816312633,0,0.00042518464
720029508,0,2.4999514e-05
714971583,0,2.6332903e-06
789325008,0,2.0106134e-05
713287608,0,0.00052014604
754872333,0,0.00014441829
713573508,1,0.9999335
718875483,0,5.50789e-06
780237033,0,2.8069077e-05
710363433,0,0.000105227286
795232683,0,1.7174508e-06
719577258,1,0.99991703
717400533,0,0.0002934839
713047608,1,0.9997441
716645883,0,1.6518644e-06
709707033,1,0.99988306
711112683,0,3.3129763e-05
799723908,0,9.109766e-07
712290258,0,1.8726942e-05
710462433,0,6.7660096e-07
812446158,0,3.657227e-05
788741733,0,4.622939e-06
780201633,1,0.99993265
713656308,0,0.0010325576
710749458,0,9.986227e-06
817142433,0,0.00013900214
789491058,0,0.0019771266
812488608,0,5.2790987e-05
710563458,0,5.390251e-07
716013858,0,4.0164607e-05
717890583,0,1.8421797e-05
789540108,0,4.7821082e-05
708753633,0,9.2706236e-05
772776033,0,1.0485922e-05
751283658,0,7.28344e-05
711237633,1,0.9996954
817197333,0,0.00143517
718737708,0,0.00014280868
710507733,0,8.742276e-06
712979133,1,0.50017315
717975333,0,5.682716e-05
787563858,0,2.7933954e-06
779442783,0,3.8091353e-06
720608658,0,1.8806785e-06
714524583,1,0.9993017
713580633,0,0.0004822072
712214283,0,3.3001727e-06
720190083,1,0.99997723
718394658,0,1.486063e-05
708615183,0,7.643329e-06
827476983,1,0.9828814
803335008,0,1.1010136e-05
711658758,0,5.735619e-05
721232058,0,0.00022380055
809599158,1,0.9999329
717127083,0,2.000595e-05
709243533,0,2.8273419e-06
711267633,1,0.99991107
809849358,1,0.99966145
720708183,0,3.229362e-05
805259733,0,0.0001395332
712660308,1,0.9999068
714296358,0,7.7288074e-05
823578483,0,2.0363534e-05
709749483,0,7.81565e-06
715215108,0,1.1053576e-05
718415133,0,6.1547864e-05
710500983,1,0.99395967
714970458,0,5.970402e-06
708931908,0,3.884841e-06
749571633,0,2.2382974e-05
801508383,0,5.305122e-06
717185658,1,0.9997992
812618883,0,2.7912973e-05
819002508,0,1.6474734e-05
710218233,0,6.635531e-05
719344608,0,0.0007085925
718464258,0,2.4905736e-05
710512833,0,6.49341e-05
718032483,0,6.230827e-06
710159658,0,2.3368175e-05
715765758,0,8.038166e-05
811700058,1,0.9706546
806824908,0,5.9719337e-06
712428333,0,9.567848e-06
710971908,0,2.5876534e-05
718011783,0,8.0892305e-06
721399833,0,2.4184737e-05
710975883,0,3.5954545e-05
712420833,0,1.4858532e-05
803115258,1,0.99990904
721005108,0,2.62996e-06
788610258,0,4.6869627e-05
716159958,0,4.738818e-05
789231858,0,6.168424e-05
719123958,1,0.9999912
719337408,0,0.001377543
779486433,0,2.3488199e-05
817337958,0,0.0013488252
712774908,0,0.002580455
813234108,0,0.0005992308
792524358,0,0.000109977824
719282433,0,2.5047671e-05
720299283,0,2.0715238e-06
709479558,0,0.00025936414
716102583,0,0.00024281045
713733633,1,0.9834082
795155433,0,1.6811817e-06
711783483,0,2.2966856e-06
721532583,1,0.9134229
714753258,0,2.0752528e-05
721055058,0,9.1118556e-05
720510333,0,6.1621954e-06
718146258,0,0.00020282349
715664808,1,0.99992895
719964933,0,1.3499392e-05
709173108,1,0.9999851
719722308,0,0.00024101141
719666283,0,8.652794e-05
780006783,1,0.9999968
715601808,0,6.065088e-05
769720683,0,2.8048069e-06
765692658,0,2.1797363e-05
717819633,0,2.9025196e-06
718699683,0,1.3178586e-05
797169633,0,9.582761e-05
710636208,0,1.8603054e-05
709309308,1,0.99697423
819690933,0,1.0616478e-05
711615933,0,6.887391e-05
714933783,0,7.497045e-05
778643733,1,0.9988883
712867983,0,0.0014091877
718939083,1,0.9997962
713512308,1,0.96494097
790123983,0,1.246957e-05
711153783,0,9.365359e-06
744483633,0,0.00031546337
719971458,0,6.1319347e-06
716506083,1,0.9998646
716329383,1,0.9976767
719719158,0,4.7327347e-05
716107158,1,0.8088025
714477408,1,0.99311286
773146383,0,0.0029745472
708635058,0,7.5101416e-06
803421108,0,0.00013187488
716210283,0,2.6771675e-06
711315783,0,7.9597376e-05
712489158,0,3.9697563e-05
718576908,0,1.0076843e-05
753208833,0,0.00020657566
798546408,0,6.469327e-06
827114058,0,1.9784873e-05
771453033,0,0.001057879
718452633,1,0.99996924
718026858,0,1.0305875e-05
721181883,0,5.1481227e-05
717609633,0,8.306306e-06
710927733,0,5.342312e-05
711551958,1,0.9999585
716365233,0,3.8662947e-05
783121008,0,3.5012217e-06
716780283,0,7.094041e-05
718471758,0,5.4173055e-05
756571983,0,0.0008516731
714700158,0,1.729829e-05
794191008,0,8.27577e-06
711000933,0,2.1629942e-06
789025083,0,1.1949157e-05
717074283,1,0.999356
714243408,0,4.08295e-05
716462658,0,0.00091028505
719944458,0,5.8913365e-06
718866633,0,1.0179487e-05
714247458,0,1.0608332e-05
783910008,0,1.3998878e-05
714294183,1,0.99998224
789530208,0,0.00012389035
714389058,0,1.4016096e-05
772661808,0,1.1882245e-06
710135058,0,1.2027517e-05
716805408,0,7.112213e-07
789304983,0,0.0001479197
743912958,0,1.0062678e-05
715311183,0,1.7715392e-06
720264783,0,1.2258024e-06
788771733,0,1.5058266e-06
711724083,1,0.99956185
717628608,0,0.00054361555
712319058,0,4.872485e-05
772231233,0,0.0008776041
715315008,0,0.0008131799
778853358,0,0.0002493276
714581358,1,0.9999778
710810883,0,1.0609424e-05
709879458,0,2.4332752e-05
811970808,0,1.1843072e-05
720015183,0,1.9124176e-05
708907833,0,1.9965619e-05
826261008,1,0.99992585
794682483,0,8.707778e-06
708098133,0,7.715871e-06
711069483,0,0.00038690772
709537683,1,0.9950047
710770383,0,0.0011669103
809811858,1,0.9999448
772216833,0,1.3438635e-05
717830583,0,1.6973512e-06
713779908,0,4.5747627e-05
712507758,0,0.00020587741
716093133,0,1.1260541e-05
817382958,0,3.3342723e-05
714400308,0,4.216001e-06
789466008,0,1.69653e-05
710289783,1,0.9930709
712659408,0,6.5882506e-07
788791383,0,0.000175138
709822008,0,1.5280733e-05
816615633,0,0.004835076
718521258,0,0.00022014871
713533983,0,2.130369e-05
709444983,1,0.99966526
717405408,0,1.8065788e-05
753226158,0,2.0393961e-06
780384483,1,0.9993812
720096558,0,0.00012600762
778567983,0,2.294216e-05
711649908,0,4.8088054e-06
718038483,0,1.2365207e-05
719519058,1,0.99977857
770985633,0,0.00010138244
713600958,0,7.1031456e-05
719801508,0,1.3879023e-06
713686008,0,8.910391e-06
720401658,1,0.99910563
715572783,0,0.00016938458
817908783,0,7.0016276e-06
712361583,0,9.40883e-06
709108533,0,9.584689e-06
718490658,0,0.00012880737
790006383,0,0.0031681138
710744433,0,0.0016875297
780865308,0,0.00079117407
716643033,1,0.9999937
789241308,1,0.99998164
721344858,0,0.0005926371
717050883,0,1.1457027e-05
788979258,0,1.0984913e-05
719125158,0,0.0026056613
709545333,0,5.713935e-05
721165608,0,0.00011140264
714652383,0,4.525916e-06
737921733,0,0.011786193
804428958,0,1.6685092e-06
720075558,0,8.355697e-05
769676358,0,3.6846454e-06
716378658,0,0.000928192
714479358,1,0.999616
712141683,0,0.000145953
710005683,0,4.3626067e-05
721228308,1,0.99998856
758833758,0,0.0020835556
787565433,0,0.0010046785
780253533,0,0.00010045848
714595983,1,0.9999987
709547658,1,0.99978226
711801933,1,0.99996316
715808808,0,9.026016e-05
711294258,0,1.0463067e-05
708542283,0,2.4881472e-05
787514433,0,8.3652725e-05
779773533,0,9.898693e-05
807964908,0,2.941476e-06
757753083,0,0.00021816777
779331558,0,0.00011638441
799026633,0,0.00086803065
719898108,0,1.054356e-05
711252258,0,3.4951885e-05
719724933,0,4.4457233e-06
715413483,0,2.2277667e-05
751518633,1,0.99917823
742552683,0,7.943241e-06
756598833,0,0.00019535294
794562783,0,6.879298e-05
779942808,0,2.4792604e-05
789151983,0,7.0486453e-06
779598183,0,5.754349e-06
720714933,0,2.1290823e-06
708536283,1,0.9994723
714548733,0,3.012093e-05
713796033,1,0.9503025
770817783,0,1.3925737e-05
716032233,0,4.803488e-06
719806233,0,1.6601618e-05
712835433,0,6.776993e-05
713975433,0,2.660064e-05
715076358,1,0.999658
720731808,1,0.82549894
714616308,0,2.196409e-06
717502083,1,0.99593484
789362058,0,3.3061653e-05
794530608,0,0.00039591003
709007883,0,1.1397861e-05
709219533,0,0.00013119783
787723758,0,1.1710233e-05
710968008,0,4.0344166e-06
780638958,0,3.2262187e-06
716951658,0,0.00037882495
715956258,0,0.0021233824
785119833,0,0.00061925175
710723958,0,0.0001281451
714011358,0,3.7027963e-05
717724233,0,0.0003156568
754671558,0,0.005636144
794514108,0,2.2228242e-05
719385558,0,0.0016449468
712637283,0,2.1370452e-05
714222183,0,2.2374022e-06
709175208,0,8.896322e-06
717112533,0,0.0025886022
714426783,0,1.2015273e-05
721448283,1,0.9995665
782548758,0,1.0609789e-05
717561108,0,9.779695e-06
720585183,0,0.0006744122
714643983,0,6.8636514e-06
712291308,0,2.4310948e-05
713036208,0,1.5805817e-05
709979583,0,0.00028638134
717517758,0,9.345801e-06
717271983,0,1.5003709e-06
718528008,0,1.0479314e-05
719118708,1,0.9996605
708657033,0,1.4931724e-06
717489033,1,0.9966538
818926833,0,0.0029169756
708338958,0,8.220692e-06
827683383,0,3.8066788e-05
717099408,0,0.00015038274
716878533,0,9.2011695e-05
797410983,0,8.34124e-05
789625383,0,0.0007291933
709701558,0,1.436189e-06
708334158,0,4.492958e-05
710638233,1,0.9979279
794496033,0,9.981581e-06
709738008,0,2.1181663e-06
808756458,0,9.436912e-06
710982858,0,2.2237591e-05
718451133,0,2.6425218e-05
717991533,0,2.423642e-06
713104458,1,0.99998367
715783758,0,7.186812e-07
716891583,0,2.6456369e-06
714557583,0,0.0002865277
714840858,0,1.32643e-05
788911458,0,5.4219554e-06
712521783,0,9.519834e-05
716756133,0,2.620998e-05
793550958,0,1.6643595e-05
768687183,0,1.5174809e-05
778170633,0,6.9414983e-07
789307833,0,9.572468e-05
718291233,0,2.820418e-06
718984533,0,7.116208e-06
794293908,0,0.00014731949
708829758,0,0.00022904915
717016833,0,3.9235056e-05
711339258,0,3.2211927e-05
708754833,0,1.557072e-05
716773533,0,0.00019362038
788896983,0,1.5301397e-05
715694433,0,7.531314e-06
708403308,0,0.00029718963
715511658,0,1.7417487e-06
717327783,0,0.00012509144
717384183,0,5.6083314e-05
818929158,0,0.0001296134
789539058,0,0.0003090102
718357458,0,0.0016193166
709530408,0,0.00018030233
826245858,1,0.99919146
716800908,0,9.723782e-05
714425283,0,8.457056e-06
718345233,1,0.036679152
713128833,0,0.001749871
769577358,0,2.3640403e-05
758824608,0,4.0581367e-06
716742483,0,0.00021086576
710905908,0,8.6089985e-06
712902483,0,7.523443e-07
772105608,0,0.0001364228
809951133,1,0.95100534
710015733,1,0.99977154
716893683,1,0.99984694
788808633,0,9.128673e-06
714100008,1,0.9981699
717211608,0,2.4554109e-05
711008508,0,2.0917245e-05
712899333,0,0.0003985984
714091983,0,4.884276e-06
802878408,0,0.00037243825
715958583,0,4.1530493e-06
716142858,0,1.513124e-05
720449208,0,2.0701414e-06
739021908,0,6.8143396e-05
817035108,0,2.696403e-05
718957083,0,4.5925703e-06
712084383,0,1.0891064e-05
771952683,0,1.25972365e-05
719782458,0,3.8316766e-06
721164483,0,2.208572e-05
806989008,0,2.2542945e-06
709624533,0,0.00029648523
710570058,1,0.99643916
713114133,1,0.9998715
771224358,0,0.00014038384
809440008,1,0.99999726
785515533,0,0.00017226364
713709258,0,6.074135e-05
708104658,0,0.0016962141
817958733,0,7.7637005e-06
721183983,0,1.3618118e-05
810220833,0,5.196765e-06
713373708,1,0.999982
715710708,0,5.6319954e-07
717443658,0,4.2604745e-05
717915783,1,0.99324906
779217333,0,1.48900945e-05
710794983,0,5.447793e-06
795855258,0,0.00010198437
788719533,0,0.01805607
720782658,0,1.752748e-06
720034983,0,0.0028150612
713536158,0,9.302763e-06
755262933,0,0.00018887146
719136183,0,3.541162e-06
715898058,0,0.00010611907
716315508,1,0.99827504
788667408,0,0.00020384113
768949983,0,0.00019908686
778882758,0,3.8942594e-06
709465758,0,5.0157785e-05
719781183,0,2.9856821e-05
720101658,0,0.0011500743
713782608,0,4.4069635e-05
802101858,0,0.00065774296
708757233,0,2.9678163e-06
709711758,1,0.9996445
772000533,0,5.952603e-05
720827133,1,0.99998116
789903708,0,1.3292906e-05
719855958,0,2.4809935e-06
713254983,0,2.1820033e-05
709120008,0,0.0027582347
720927183,0,3.226588e-05
716875083,0,0.00060736004
716988633,0,2.2633294e-05
711553308,0,2.4008714e-05
788802483,0,1.3427004e-06
708908883,0,2.0835578e-05
712644483,0,1.6944894e-05
716311683,0,6.630869e-05
779707308,0,0.011217555
720595083,0,5.073201e-05
715034358,0,3.288964e-05
720897783,0,8.112066e-06
826513233,0,0.00012613699
826065258,0,2.164798e-05
772426383,0,1.9349725e-06
717972408,0,1.13766855e-05
708888633,1,0.9999267
714916758,0,9.157456e-05
710888883,0,1.779431e-05
717296808,0,3.3682445e-05
713847858,1,0.9996333
768728508,0,2.822202e-06
762020133,1,0.99999106
710706558,0,0.023735441
709278258,1,0.9965754
710679933,1,0.99171996
713152383,0,3.0567808e-05
771429408,0,6.661315e-05
770721858,0,5.706159e-05
778686408,0,1.6118092e-05
771682533,0,9.823073e-05
712378983,1,0.8193256
714615258,1,0.9997552
713027058,1,0.99991727
789485433,0,1.5563019e-06
716368008,1,0.9834114
771935283,0,1.2493841e-05
779315508,1,0.9956488
794843883,0,3.5586476e-05
822084333,1,0.99410987
714893733,0,0.0002530748
719474583,0,0.002679726
717141858,0,1.0392034e-05
712714008,0,9.660285e-06
719570733,0,1.9581286e-05
720980958,0,3.4400837e-05
720964683,0,6.3461586e-05
718263108,1,0.98132026
789101883,0,0.000114652605
809292483,0,0.00013216706
778973658,0,0.0001465401
708560733,0,7.728948e-05
721171008,0,0.00026607423
781297983,0,0.00067000656
778228458,0,0.00039292107
797668983,0,7.583082e-05
713492583,1,0.99979323
715799808,1,0.9997967
711647808,0,4.3518947e-05
720840108,0,7.1594666e-05
711349083,0,0.015680883
721247883,0,1.3375105e-06
720497958,0,0.0003191473
719466558,0,0.0002691805
753220383,1,0.9997876
757481283,0,5.091284e-05
778506633,1,0.9999503
819634233,1,0.99997795
753795633,1,0.9997887
715435758,0,1.0588303e-06
772063308,0,5.919716e-06
718205283,0,4.837304e-06
720863133,0,4.6582172e-05
709288383,0,4.076647e-06
709213458,1,0.99975806
708670608,0,3.3771323e-06
709150608,0,0.00052818604
713105508,0,4.338829e-05
716303583,0,2.807443e-05
787669233,0,2.1291788e-05
771488583,0,6.532968e-05
708269583,0,2.0240668e-05
779809908,0,4.711848e-06
720973833,0,0.00017540372
720236433,0,1.4529159e-05
717895833,0,3.5285746e-06
718921683,0,1.2978407e-05
713828208,0,0.0014095447
779241783,0,1.562053e-05
797241108,0,2.0643925e-05
716635758,0,3.6167206e-05
714536208,0,0.0008113896
709372608,0,6.560859e-06
769574883,0,0.0043301987
718286658,0,4.14135e-06
714839808,0,2.3781656e-06
718342158,1,0.99289954
778573233,0,1.0016616e-05
715680933,0,2.4750223e-05
708396033,0,8.5987e-06
713356833,0,0.0003901264
814593858,0,1.3461774e-05
771592458,0,9.489372e-06
827631483,0,1.0275726e-05
811721133,0,9.311727e-06
720443358,0,3.0879655e-06
709477233,0,5.3304234e-06
711942783,0,0.00014286877
768848658,0,0.0002271276
788772708,0,7.95613e-06
717109983,0,1.6939255e-05
712128258,0,0.0012906466
720621408,0,0.0051294346
710295858,0,1.743261e-05
714647808,0,3.766384e-05
712374708,0,7.508022e-06
715547058,1,0.9999918
720539583,0,0.0001035844
712952283,0,5.1891334e-06
710475408,0,3.5657752e-06
715007583,0,1.1673193e-05
713061558,0,0.002473623
772288758,0,3.0015122e-05
713977308,0,6.9411675e-07
801064833,0,1.0112703e-05
708129933,0,0.00011758628
789167658,0,0.00025890485
720286908,0,1.4656122e-06
716565258,0,0.0005329527
708564858,1,0.999498
778895883,0,3.7062193e-05
709410033,0,3.3538276e-05
710745633,0,1.1055748e-05
709008708,0,4.613914e-05
714738858,0,1.2348335e-06
713639058,1,0.9999825
719739108,0,0.00029806074
826079508,0,8.54721e-06
710795883,0,2.580864e-05
710404533,0,3.587642e-05
719359458,0,0.00082612375
821837958,0,0.000108416876
710691633,0,1.1835293e-05
779296908,0,0.0027155317
710797833,0,3.2402793e-05
804337233,0,4.0494965e-06
713823033,1,0.9999213
720076458,0,1.1848449e-05
809818008,0,1.084907e-05
717376758,0,6.216511e-06
795844983,0,9.626662e-06
789368658,0,5.2382286e-05
720462633,0,1.5802834e-05
708938508,0,8.6591834e-05
709560258,1,0.9992866
717513933,0,0.00025000793
711113958,0,9.116566e-05
713995233,0,5.464381e-06
717906783,0,0.00033137813
716516208,0,5.1815852e-05
756658083,0,0.00036898957
718692258,0,2.8327906e-05
719816583,1,0.9977451
787578183,0,2.127755e-06
788699808,0,0.0014486677
809320908,0,0.00011646357
789942033,1,0.99187356
714006333,1,0.9983884
710813733,0,7.462622e-05
711679533,0,0.00014004504
709212183,0,6.1455896e-05
807523008,0,2.3780776e-05
787480158,0,8.05993e-06
711272058,0,5.4063726e-06
720033033,0,1.9514807e-06
794124708,0,4.3297357e-05
790164408,0,6.661595e-05
714831033,0,0.0010721975
718731183,1,0.9996966
827888433,0,2.6198162e-05
711992133,0,2.5906681e-06
711809283,0,1.1403483e-05
714574083,0,0.00078089454
769189083,0,8.012529e-06
711968358,0,1.07567e-05
711750183,0,1.7184966e-05
716511483,0,8.130381e-05
800869758,0,5.6461995e-06
715235808,0,1.9810816e-05
714199983,0,1.5909219e-06
718540308,0,1.4705066e-06
716460933,0,1.2977591e-05
780277458,0,7.874492e-06
798011733,0,4.691836e-06
714046608,0,0.000104292565
713396358,0,2.4317349e-05
714005508,0,5.1231164e-05
717444558,0,4.63583e-06
713905608,0,2.187103e-05
711126483,0,0.00055888627
714602658,1,0.9999653
716019333,0,2.3851362e-06
714869958,0,3.6522392e-06
778459833,0,6.861739e-05
789309558,0,0.0019329368
756736008,0,0.00015877726
779883933,0,6.179416e-05
709343433,0,4.6397963e-05
806908608,0,2.3353228e-05
720521808,0,6.822018e-05
709523508,0,2.1658325e-05
708373083,1,0.97310513
713325108,0,0.00022029548
819214233,0,0.00026204987
713188383,0,0.00058531924
770778108,0,2.9533546e-06
716610558,0,0.00015921146
715174158,0,0.00015535078
779608083,0,1.9149269e-05
780200208,0,4.17181e-05
718675158,1,0.99988675
817977933,1,0.99941635
755273658,0,2.027439e-06
715022133,0,0.00022082627
719804208,0,7.7561214e-07
780056733,0,5.1550353e-05
780373233,0,1.0989743e-05
817188408,0,2.0180994e-05
772073508,1,0.9999943
803805483,0,1.0179584e-05
717823383,0,1.9967962e-05
789907533,1,0.9997601
788259558,0,1.9339841e-05
815515158,0,3.5675064e-06
713884458,0,3.2084787e-05
789717708,0,4.6424742e-05
708160008,0,6.2929803e-06
708702258,1,0.99961424
789023508,0,4.2612097e-05
719265108,0,0.0001340386
813213558,0,9.3488525e-05
802460433,1,0.999974
717995958,0,9.031016e-06
710697408,0,2.9404377e-05
805458933,0,2.1485337e-05
713850783,0,4.8932478e-05
713876958,0,6.1217725e-05
718926258,0,8.74894e-05
717585858,0,3.31277e-06
710303208,0,0.00018498747
770647233,0,0.0001279479
715459158,0,1.1796338e-05
789185508,0,0.0006737579
779305008,0,0.00010443656
713343333,0,7.60185e-06
749067633,0,0.0002683838
811713408,0,3.1964448e-06
789990333,0,0.00018549581
788770908,0,0.00010900381
709411383,0,1.5234129e-05
708361833,0,1.3608056e-05
712801758,0,1.5304637e-05
721179708,0,4.8359612e-05
708511983,0,2.9992974e-05
711388458,0,6.441831e-05
720486408,0,0.00012325616
709157133,0,8.6983615e-05
712240083,1,0.99987197
782802033,1,0.99957114
712091433,0,1.2465135e-05
720494058,0,5.9122503e-05
710277183,0,1.5983827e-06
789804933,0,1.06222005e-05
719022558,0,2.1107537e-06
714573258,0,0.0006287942
709919283,0,3.2080385e-05
716481408,0,0.00025229616
719038008,0,1.867727e-05
793456983,0,8.300834e-06
720597108,1,0.9996917
715233108,0,1.3840084e-06
709220583,0,0.0008698869
779324358,0,0.011487912
712112733,0,1.0511072e-05
714443058,1,0.9998591
711109908,0,1.8068493e-05
717464958,0,0.0003513153
713701533,0,1.4595527e-05
772565883,0,5.6032013e-06
758765808,1,0.14926167
716851908,0,5.3578882e-05
721500108,0,6.4176297e-06
820268358,0,1.8583248e-06
717171408,0,0.0009165988
713567958,0,1.9259907e-05
716512383,0,0.008118782
713008308,0,7.055875e-05
780942633,0,0.00012552182
716249508,0,6.8785916e-06
714909108,0,0.00029301448
778708533,1,0.9990085
772725408,0,7.901664e-06
709534083,1,0.99997795
817144458,0,7.3116057e-06
807157833,0,1.7888013e-06
716371308,0,0.00012529019
716332533,0,4.9291328e-05
716924958,1,0.9997503
720904233,0,5.179965e-05
711964533,0,3.731687e-05
788715483,0,9.30233e-07
788832033,0,1.5087178e-05
716022258,1,0.999172
712208658,0,2.5815261e-05
710482533,0,5.3270896e-06
717661908,0,6.2206855e-06
720254883,0,3.7436846e-05
719532108,0,0.0026181666
779610033,1,0.99641836
819977058,0,2.9165737e-06
772202058,0,6.7405e-05
717658758,0,5.3006235e-05
720467583,0,2.0817865e-06
713314533,1,0.99974996
719318583,1,0.9999651
789122808,1,0.9991068
708525108,0,3.0297588e-06
779662308,0,2.1048112e-05
717180633,0,0.000117174604
713000058,0,0.004057545
709747308,0,7.5956036e-06
712235433,1,0.9996159
712405908,0,1.77234e-05
778885158,0,2.733812e-05
789143283,0,4.668457e-06
721233033,1,0.99946064
718486608,0,4.9206456e-06
713249883,0,6.861354e-06
797743233,0,1.6381468e-06
778346283,0,0.0004091971
721113333,0,0.001879403
720707283,0,0.00061206706
788997408,0,7.074033e-06
710456658,0,1.6104326e-05
808796208,0,3.6918656e-05
713685033,1,0.9998857
788912658,0,2.647486e-05
712157958,1,0.9991841
711148308,0,1.547608e-05
719117433,0,0.0018843022
